L,n,paired_with_rung2,profile,rung2_reconstruction_sse,rung3_coefficient_sse_iqr,rung3_coefficient_sse_median,rung3_minus_rung2_reconstruction_sse_iqr,rung3_minus_rung2_reconstruction_sse_median,rung3_reconstruction_sse_iqr,rung3_reconstruction_sse_max,rung3_reconstruction_sse_median,rung3_reconstruction_sse_min,rung3_reconstruction_sse_q25,rung3_reconstruction_sse_q75,seed_variation_expected,subset_seed_count
1,6,True,rings_hamming,0.007294351606762304,0.3846175211991713,0.10192866292738154,0.00046303108419937233,-0.00012875343453825098,0.00046303108419937233,0.007333701483716452,0.007165598172224053,0.002413307221015537,0.00685332401170558,0.0073163550959049525,True,200
2,6,True,rings_hamming,0.0019448232022302595,0.4612356580585778,0.6665479729028843,0.0038246386186103786,0.003967818765234446,0.0038246386186103786,0.0073092435706915175,0.005912641967464705,0.000588578545130184,0.0028686851772005985,0.006693323795810977,True,200
6,6,True,rings_hamming,1.421877966754639e-34,0.0,2.0284490394481463,0.0,0.0,0.0,1.421877966754639e-34,1.421877966754639e-34,1.421877966754639e-34,1.421877966754639e-34,1.421877966754639e-34,False,200
1,8,True,rings_hamming,0.002245233196499421,0.09274566489760164,0.06450069201649114,7.274812024379916e-05,1.5789991286376762e-05,7.274812024379938e-05,0.0022720906294822194,0.002261023187785798,0.0015476008974132567,0.0021975382198705516,0.002270286340114351,True,200
2,8,True,rings_hamming,0.000913768304906908,0.22039740187742396,0.32305601890208535,0.00033334345684610104,0.0010697824733502332,0.0003333434568461007,0.0022660742192549843,0.001983550778257141,0.0010745206671530618,0.0018525274269221084,0.002185870883768209,True,200
8,8,True,rings_hamming,6.329118724216438e-36,0.0,2.7335865536546273,0.0,0.0,0.0,6.329118724216438e-36,6.329118724216438e-36,6.329118724216438e-36,6.329118724216438e-36,6.329118724216438e-36,False,200
1,6,True,rings_spatial_exact,0.01015175714855034,0.39090600856913604,0.02919418818840827,0.0005589082057129253,0.0003654400889152162,0.0005589082057129262,0.010676982732514585,0.010517197237465557,0.0037033794148341966,0.0100649220613441,0.010623830267057027,True,200
2,6,True,rings_spatial_exact,0.0013929309724363234,0.4774335746590221,0.5389160059840432,0.0039655659851094895,0.0056693749293362005,0.0039655659851094895,0.010521730095908913,0.007062305901772524,0.0010965583009599354,0.005646605547462671,0.009612171532572161,True,200
6,6,True,rings_spatial_exact,2.732546821081797e-35,0.0,1.7143207860127867,0.0,0.0,0.0,2.732546821081797e-35,2.732546821081797e-35,2.732546821081797e-35,2.732546821081797e-35,2.732546821081797e-35,False,200
1,8,True,rings_spatial_exact,0.006450334523772709,0.14624301708545295,0.07023142602810817,1.1592452657007086e-05,1.4774585344598697e-05,1.1592452657006869e-05,0.006466014906576379,0.006465109109117307,0.0020059718113662884,0.006454412681916193,0.0064660051345732,True,200
2,8,True,rings_spatial_exact,0.001566910533172702,0.38088482184256195,0.4002160171029145,0.0017626213841249049,0.004692240604025064,0.0017626213841249053,0.006465976412537198,0.006259151137197766,0.0020054620344576533,0.0046892259754681125,0.006451847359593018,True,200
8,8,True,rings_spatial_exact,1.8033742851741042e-35,0.0,3.394381483281877,0.0,0.0,0.0,1.8033742851741042e-35,1.8033742851741042e-35,1.8033742851741042e-35,1.8033742851741042e-35,1.8033742851741042e-35,False,200
