N,ceiling,coverage,degenerate,floor,floor_le_coverage_le_ceiling,gap_closed,held_out_cell_count_k,n,normalized_coverage,precision,reference,target_uniform_coverage,valid_cell_count_V
2,0.5555555555555555,0.0,True,0.12109375,False,-0.2787212787212788,3,4,0.0,1.0,memorizer,0.1,12
2,0.5555555555555555,0.12109375,True,0.12109375,True,0.0,3,4,0.21796875000000004,0.75,sprayer,0.1,12
2,0.5555555555555555,0.15972222222222232,True,0.12109375,True,0.08891108891108916,3,4,0.2875000000000002,1.0,known_support,0.1,12
2,0.5555555555555555,0.5555555555555555,True,0.12109375,True,1.0,3,4,1.0,1.0,ceiling,0.1,12
11,0.9884389800561115,0.0,False,0.5083183046418185,False,-1.0587302956765898,3,4,0.0,1.0,memorizer,0.5,12
11,0.9884389800561115,0.5083183046418185,False,0.5083183046418185,True,0.0,3,4,0.5142637177390175,0.75,sprayer,0.5,12
11,0.9884389800561115,0.6160047694391233,False,0.5083183046418185,True,0.22429041345570644,3,4,0.623209709317771,1.0,known_support,0.5,12
11,0.9884389800561115,0.9884389800561115,False,0.5083183046418185,True,1.0,3,4,1.0,1.0,ceiling,0.5,12
36,0.9999995421590079,0.0,False,0.9020586805673882,False,-9.210238361274264,3,4,0.0,1.0,memorizer,0.9,12
36,0.9999995421590079,0.9020586805673882,False,0.9020586805673882,True,0.0,3,4,0.9020590935670186,0.75,sprayer,0.9,12
36,0.9999995421590079,0.9563874170994245,False,0.9020586805673882,True,0.5547096038277548,3,4,0.956387854972989,1.0,known_support,0.9,12
36,0.9999995421590079,0.9999995421590079,False,0.9020586805673882,True,1.0,3,4,1.0,1.0,ceiling,0.9,12
7,0.7902847999999999,0.0,False,0.10437949457286777,False,-0.1521777040459948,5,6,0.0,1.0,memorizer,0.1,24
7,0.7902847999999999,0.10437949457286777,False,0.10437949457286777,True,0.0,5,6,0.13207832742432574,0.375,sprayer,0.1,24
7,0.7902847999999999,0.2576372700845152,False,0.10437949457286777,True,0.22343867921565294,5,6,0.32600559960727477,1.0,known_support,0.1,24
7,0.7902847999999999,0.7902847999999999,False,0.10437949457286777,True,1.0,5,6,1.0,1.0,ceiling,0.1,24
44,0.9999455548212927,0.0,False,0.49989025097600304,False,-0.9996699307696222,5,6,0.0,1.0,memorizer,0.5,24
44,0.9999455548212927,0.49989025097600304,False,0.49989025097600304,True,0.0,5,6,0.49991746907194556,0.375,sprayer,0.5,24
44,0.9999455548212927,0.8462800801098544,False,0.49989025097600304,True,0.6927030399841929,5,6,0.8463261584887981,1.0,known_support,0.5,24
44,0.9999455548212927,0.9999455548212927,False,0.49989025097600304,True,1.0,5,6,1.0,1.0,ceiling,0.5,24
146,0.9999999999999929,0.0,False,0.899666949049113,False,-8.966805459644238,5,6,0.0,1.0,memorizer,0.9,24
146,0.9999999999999929,0.899666949049113,False,0.899666949049113,True,0.0,5,6,0.8996669490491195,0.375,sprayer,0.9,24
146,0.9999999999999929,0.9979981903952702,False,0.899666949049113,True,0.980048353102481,5,6,0.9979981903952773,1.0,known_support,0.9,24
146,0.9999999999999929,0.9999999999999929,False,0.899666949049113,True,1.0,5,6,1.0,1.0,ceiling,0.9,24
27,0.8249248678662722,0.0,False,0.10028324483130746,False,-0.13839012505422793,16,8,0.0,1.0,memorizer,0.1,80
27,0.8249248678662722,0.10028324483130746,False,0.10028324483130746,True,0.0,16,8,0.12156651925247124,0.3125,sprayer,0.1,80
27,0.8249248678662722,0.28796422253585796,False,0.10028324483130746,True,0.2589983403361508,16,8,0.34907933286178927,1.0,known_support,0.1,80
27,0.8249248678662722,0.8249248678662722,False,0.10028324483130746,True,1.0,16,8,1.0,1.0,ceiling,0.1,80
177,0.9999890625539772,0.0,False,0.4998064621933729,False,-0.9992479982971013,16,8,0.0,1.0,memorizer,0.5,80
177,0.9999890625539772,0.4998064621933729,False,0.4998064621933729,True,0.0,16,8,0.4998119288593663,0.3125,sprayer,0.5,80
177,0.9999890625539772,0.8920885667306967,False,0.4998064621933729,True,0.7842777902600166,16,8,0.8920983240079625,1.0,known_support,0.5,80
177,0.9999890625539772,0.9999890625539772,False,0.4998064621933729,True,1.0,16,8,1.0,1.0,ceiling,0.5,80
588,1.0,0.0,False,0.8998786972710937,False,-8.987884423634126,16,8,0.0,1.0,memorizer,0.9,80
588,1.0,0.8998786972710937,False,0.8998786972710937,True,0.0,16,8,0.8998786972710937,0.3125,sprayer,0.9,80
588,1.0,0.9993864961004715,False,0.8998786972710937,True,0.9938723939580603,16,8,0.9993864961004715,1.0,known_support,0.9,80
588,1.0,1.0,False,0.8998786972710937,True,1.0,16,8,1.0,1.0,ceiling,0.9,80
