generator_scope,n,eta,alpha_mean_polarization,alpha_mean_merlin_dual_rail,alpha_mean_abs_delta,alpha_std_polarization,alpha_std_merlin_dual_rail,alpha_std_abs_delta,herald_failure_prob_mean_polarization,herald_failure_prob_mean_merlin_dual_rail,herald_failure_prob_mean_abs_delta,herald_failure_prob_std_polarization,herald_failure_prob_std_merlin_dual_rail,herald_failure_prob_std_abs_delta,herald_success_rate_mean_polarization,herald_success_rate_mean_merlin_dual_rail,herald_success_rate_mean_abs_delta,n_draws_polarization,n_draws_merlin_dual_rail,n_draws_abs_delta,tvd_to_lossless_mean_polarization,tvd_to_lossless_mean_merlin_dual_rail,tvd_to_lossless_mean_abs_delta,tvd_to_lossless_std_polarization,tvd_to_lossless_std_merlin_dual_rail,tvd_to_lossless_std_abs_delta,tvd_to_product_marginals_mean_polarization,tvd_to_product_marginals_mean_merlin_dual_rail,tvd_to_product_marginals_mean_abs_delta,tvd_to_product_marginals_std_polarization,tvd_to_product_marginals_std_merlin_dual_rail,tvd_to_product_marginals_std_abs_delta,tvd_to_uniform_mean_polarization,tvd_to_uniform_mean_merlin_dual_rail,tvd_to_uniform_mean_abs_delta,tvd_to_uniform_std_polarization,tvd_to_uniform_std_merlin_dual_rail,tvd_to_uniform_std_abs_delta
weight1,2,0.99,2.892345075649415,2.088278378913171,0.804066696736244,0.6107778169670572,0.4475951859638052,0.16318263100325203,,,,,,,,,,5,5,0,0.00995,0.009950005634891568,5.634891567241063e-09,8.743419338566625e-17,7.429254399028266e-09,7.429254311594073e-09,0.009949999999999995,0.009950128170021338,1.2817002134277167e-07,7.016093334065796e-17,3.692690509849695e-08,3.692690502833602e-08,0.5725799456558496,0.44683904943085506,0.12574089622499451,0.09684150075073909,0.0969398531369217,9.835238618260966e-05
weight1,2,0.95,2.8923450756494145,2.088278361505096,0.8040667141443185,0.610777816967057,0.4475951736460162,0.16318264332104082,,,,,,,,,,5,5,0,0.048750000000000106,0.048749999291612764,7.08387341841199e-10,4.757065991401635e-17,1.1055649975911944e-08,1.1055649928341283e-08,0.0487500000000001,0.048750121826742536,1.2182674243715885e-07,3.7751664318895324e-17,2.7631628442781503e-08,2.763162840502984e-08,0.5407468659170869,0.41541907929859007,0.1253277866184968,0.09531391814741044,0.09238365202348839,0.002930266123922054
weight1,2,0.9,2.8923450756494145,2.0882783730229137,0.8040667026265007,0.610777816967057,0.44759517726041803,0.163182639706639,,,,,,,,,,5,5,0,0.09500000000000006,0.09499997109487594,2.8905124113687286e-08,4.8074067159589095e-17,1.2162620305014818e-08,1.216262025694075e-08,0.09500000000000006,0.09500009363000572,9.363000566531277e-08,4.022165030534275e-17,2.841823164175598e-08,2.841823160153433e-08,0.5078470289029606,0.38303974812333763,0.124807280779623,0.08899600351865372,0.08970642079540642,0.0007104172767526951
weight1,2,0.8,2.892345075649414,2.0882783592152485,0.8040667164341655,0.610777816967057,0.44759518049838065,0.16318263646867637,,,,,,,,,,5,5,0,0.18,0.17999996501894203,3.4981057966954054e-08,3.7238012298709096e-17,1.5448417931618413e-08,1.54484178943804e-08,0.18,0.1800000875540718,8.755407179816821e-08,3.284083995358298e-17,2.2184687992852097e-08,2.2184687960011257e-08,0.4537309857998701,0.33434890204152906,0.11938208375834103,0.07031782994066471,0.08100833209215855,0.010690502151493836
weight1,2,0.6,2.892345075649414,2.088278374648437,0.804066701000977,0.6107778169670572,0.447595185763159,0.16318263120389825,,,,,,,,,,5,5,0,0.31999999999999995,0.3199999146736445,8.532635542568556e-08,6.080941944488117e-17,2.4597643441259092e-08,2.4597643380449674e-08,0.3199999999999999,0.3200000372087743,3.720877439494785e-08,0.0,1.325098022439341e-08,1.325098022439341e-08,0.3648652443596176,0.32721032764075064,0.03765491671886695,0.03924663347245288,0.01073864118396178,0.0285079922884911
weight1,2,0.35,2.892345075649414,2.088278385065178,0.8040666905842362,0.610777816967057,0.44759518054880953,0.16318263641824748,,,,,,,,,,5,5,0,0.43875000000000003,0.438749891604175,1.0839582503807677e-07,6.568167990716596e-17,3.3367451805054866e-08,3.3367451739373185e-08,0.4387499999999999,0.43875001413930476,1.4139304838067801e-08,6.568167990716596e-17,4.0327030162087746e-09,4.0327029505270944e-09,0.4387499999999999,0.43875001413930476,1.4139304838067801e-08,5.551115123125783e-17,4.0327030162087746e-09,4.032702960697623e-09
weight1,2,0.05,2.892345075649414,2.0882783592152485,0.8040667164341655,0.6107778169670567,0.44759518049838065,0.16318263646867603,,,,,,,,,,5,5,0,0.49874999999999997,0.4987498778068783,1.221931216766059e-07,6.080941944488117e-17,3.722374602682305e-08,3.7223745966013625e-08,0.49874999999999997,0.4987500003420081,3.420081440275169e-10,4.2998752849492583e-17,8.66589374900293e-11,8.665889449127646e-11,0.49874999999999997,0.4987500003420081,3.420081440275169e-10,4.965068306494546e-17,8.66589374900293e-11,8.665888783934624e-11
weight1,3,0.99,2.599545780306973,2.5563162209714845,0.04322955933548833,0.8255640658489332,0.6540656753512422,0.171498390497691,,,,,,,,,,5,5,0,0.014850499999999984,0.014850495097925886,4.9020740973404475e-09,3.939770506710496e-17,7.1179282832520286e-09,7.117928243854323e-09,0.014850499999999966,0.014850619132630541,1.1913263057473922e-07,4.9468522674393986e-17,7.01534609386907e-08,7.015346088922217e-08,0.48995182888726585,0.4734646227909252,0.016487206096340634,0.13076270476906465,0.09150695737091893,0.03925574739814572
weight1,3,0.95,2.599545780306973,2.5563162352142283,0.04322954509274446,0.825564065848933,0.6540656891028122,0.1714983767461209,,,,,,,,,,5,5,0,0.07131250000000014,0.07131246935459785,3.0645402285256473e-08,9.432813123914324e-17,1.1794308530390828e-08,1.1794308436062696e-08,0.07131250000000013,0.0713125933893025,9.338930237468013e-08,8.418682910850739e-17,6.245902367153101e-08,6.245902358734418e-08,0.4519526440770784,0.4474576790817082,0.004494964995370221,0.11860991546026574,0.08085732692965486,0.03775258853061088
weight1,3,0.9,2.599545780306973,2.5563162336094143,0.04322954669755852,0.8255640658489334,0.6540656876779598,0.17149837817097358,,,,,,,,,,5,5,0,0.13550000000000004,0.13549998123198748,1.8768012560732572e-08,9.852251986074894e-17,2.0779172948492028e-08,2.0779172849969507e-08,0.1355,0.13550010526669212,1.0526669211308182e-07,7.130536482749599e-17,5.345727185965466e-08,5.34572717883493e-08,0.4108678252807077,0.4190573027182836,0.00818947743757592,0.10349055145181134,0.0693217609914067,0.034168790460404636
weight1,3,0.8,2.599545780306973,2.5563162433286886,0.043229536978284244,0.8255640658489335,0.6540656978280794,0.17149836802085405,,,,,,,,,,5,5,0,0.24400000000000005,0.2439999249530956,7.504690444082307e-08,9.121412916732177e-17,3.786385032440514e-08,3.7863850233191015e-08,0.244,0.24400004898780026,4.8987800260746894e-08,5.822058658345462e-17,3.5885445480064194e-08,3.588544542184361e-08,0.35862280347599135,0.376176057808334,0.01755325433234267,0.08111017339401927,0.054498776916609336,0.026611396477409933
weight1,3,0.6,2.5995457803069724,2.556316233472999,0.0432295468339734,0.8255640658489335,0.654065668520876,0.1714983973280575,,,,,,,,,,5,5,0,0.3919999999999999,0.3919998996105278,1.003894721240961e-07,6.568167990716596e-17,5.791040400035841e-08,5.791040393467673e-08,0.3919999999999999,0.39200002364523245,2.3645232549718287e-08,2.482534153247273e-17,1.5725345535112986e-08,1.5725345510287645e-08,0.3940367593282895,0.39335479549772573,0.0006819638305637921,0.004073518656579255,0.002709536389774545,0.0013639822668047104
weight1,3,0.35,2.5995457803069724,2.5563162548387255,0.04322952546824688,0.8255640658489332,0.65406567555092,0.17149839029801317,,,,,,,,,,5,5,0,0.47856249999999995,0.4785623812869744,1.1871302552091123e-07,7.850462293418876e-17,7.054171032068602e-08,7.054171024218139e-08,0.47856249999999995,0.47856250532167904,5.321679097392007e-09,4.965068306494546e-17,3.061689695654783e-09,3.0616896460041e-09,0.47856249999999995,0.47856250532167904,5.321679097392007e-09,5.551115123125783e-17,3.061689679127899e-09,3.061689623616748e-09
weight1,3,0.05,2.599545780306972,2.5563162433286886,0.043229536978283356,0.8255640658489328,0.6540656978280794,0.1714983680208534,,,,,,,,,,5,5,0,0.49993750000000003,0.4999373759772553,1.2402274474077046e-07,5.551115123125783e-17,7.359097324606467e-08,7.359097319055352e-08,0.4999375,0.4999375000119599,1.195993304392573e-11,3.510833468576701e-17,8.761111453448727e-12,8.761076345114041e-12,0.4999375,0.4999375000119599,1.195993304392573e-11,0.0,8.761095083909832e-12,8.761095083909832e-12
weight1,4,0.99,5.954770345337972,5.176542593965719,0.7782277513722535,1.590306781552558,1.3212620117043865,0.2690447698481715,,,,,,,,,,5,5,0,0.019701994999999833,0.01970198480628369,1.0193716142026243e-08,1.123586702727401e-16,8.447717653656991e-09,8.44771754129832e-09,0.019701994999999844,0.019702170388893603,1.7538889375903755e-07,1.55041972118466e-16,3.7382446312579033e-08,3.7382446157537064e-08,0.6865018317428697,0.6769204344322247,0.009581397310645001,0.07575350913987569,0.0734446490662247,0.002308860073650998
weight1,4,0.95,5.954770345337973,5.176542602966855,0.7782277423711186,1.5903067815525578,1.3212619943170276,0.26904478723553016,,,,,,,,,,5,5,0,0.0927468750000001,0.09274684651231269,2.8487687417366736e-08,1.2734335527125288e-16,7.759271232089455e-09,7.7592711047461e-09,0.09274687500000012,0.0927470320949226,1.570949224871665e-07,1.1410208772874278e-16,3.5399103280114664e-08,3.5399103166012576e-08,0.631142187055718,0.6195974597820907,0.01154472727362732,0.0711939855797428,0.06946541910168863,0.0017285664780541665
weight1,4,0.9,5.954770345337973,5.176542608417409,0.7782277369205639,1.5903067815525582,1.3212620117353064,0.2690447698172518,,,,,,,,,,5,5,0,0.17195000000000005,0.17194994873699443,5.126300561819619e-08,6.568167990716596e-17,1.6402646183332497e-08,1.6402646117650816e-08,0.17195000000000008,0.17195013431960432,1.3431960424470368e-07,3.0404709722440586e-17,2.7544103834422723e-08,2.754410380401801e-08,0.5748869144150209,0.559177006465734,0.01570990794928695,0.06322915718790235,0.06619548636367671,0.002966329175774357
weight1,4,0.8,5.954770345337973,5.176542622968418,0.7782277223695555,1.5903067815525593,1.3212620057017541,0.2690447758508052,,,,,,,,,,5,5,0,0.2951999999999999,0.2951998969195927,1.0308040720996559e-07,7.850462293418876e-17,2.4295524828309868e-08,2.4295524749805246e-08,0.29519999999999996,0.2952000825022026,8.250220262517871e-08,3.510833468576701e-17,1.8702998406078462e-08,1.8702998370970128e-08,0.49366849695250936,0.47834720744832,0.015321289504189373,0.04647465852187193,0.05442301485441282,0.007948356332540887
weight1,4,0.6,5.954770345337975,5.17654262427502,0.7782277210629553,1.5903067815525593,1.321262010810276,0.2690447707422834,,,,,,,,,,5,5,0,0.43519999999999986,0.435199837093856,1.6290614385239266e-07,7.447602459741819e-17,3.6977477285612506e-08,3.697747721113648e-08,0.4351999999999999,0.4352000226764659,2.2676465982751637e-08,0.0,5.941595708368343e-09,5.941595708368343e-09,0.44270905237853897,0.43720871410655776,0.005500338271981209,0.010069894876810571,0.002845122887728699,0.0072247719890818725
weight1,4,0.35,5.954770345337974,5.17654260210214,0.778227743235834,1.5903067815525578,1.3212619800685477,0.2690448014840101,,,,,,,,,,5,5,0,0.49249687499999995,0.4924966922846904,1.8271530954905302e-07,8.95090418262362e-17,4.2265277936150455e-08,4.2265277846641413e-08,0.49249687499999995,0.49249687786730034,2.8673003971135813e-09,4.2998752849492583e-17,6.378479551481606e-10,6.378479121494077e-10,0.49249687499999995,0.49249687786730034,2.8673003971135813e-09,5.551115123125783e-17,6.378479765271291e-10,6.378479210159778e-10
weight1,4,0.05,5.954770345337974,5.176542622968418,0.7782277223695564,1.590306781552558,1.3212620057017541,0.2690447758508039,,,,,,,,,,5,5,0,0.499996875,0.499996689418649,1.8558135100876783e-07,8.599750569898517e-17,4.289504524599052e-08,4.2895045159993015e-08,0.499996875,0.4999968750012589,1.258881887622465e-12,3.510833468576701e-17,2.853556827649784e-13,2.8532057443029265e-13,0.499996875,0.4999968750012589,1.258881887622465e-12,0.0,2.853835897191383e-13,2.853835897191383e-13
weight1,5,0.99,7.954365102613108,5.957810072415232,1.996555030197876,4.2032274338026285,1.8310130590571623,2.3722143747454663,,,,,,,,,,5,5,0,0.02450497504999996,0.024504975341997692,2.919977315496425e-10,1.6835935957504456e-16,3.05017142634463e-09,3.0501712579852704e-09,0.02450497504999997,0.02450518368935805,2.0863935807843847e-07,1.0849998518463944e-16,3.375978928023835e-08,3.375978917173837e-08,0.6876424802069183,0.6588046154305957,0.028837864776322664,0.13333135503411359,0.0790053348559746,0.05432602017813899
weight1,5,0.95,7.9543651026131075,5.957810095039795,1.9965550075733125,4.203227433802629,1.8310130507303968,2.3722143830722326,,,,,,,,,,5,5,0,0.1131095312500002,0.11310948254171578,4.870828441971842e-08,9.057848289240456e-17,1.0059823143190458e-08,1.0059823052611976e-08,0.11310953125000023,0.11310969088907612,1.596390758890065e-07,1.3988369538646852e-16,2.3571372694122787e-08,2.357137255423909e-08,0.6206319563231196,0.59188772906299,0.028744227260129596,0.12006251011409967,0.07239674796316643,0.04766576215093324
weight1,5,0.9,7.9543651026131075,5.957810063856122,1.996555038756985,4.203227433802627,1.8310129996988653,2.3722144341037614,,,,,,,,,,5,5,0,0.20475500000000016,0.20475492131925677,7.868074339278941e-08,1.7772239894833365e-16,1.4638578912593455e-08,1.4638578734871057e-08,0.2047550000000001,0.2047551296666171,1.2966661699920223e-07,1.342635627393543e-16,1.885743607903039e-08,1.8857435944766826e-08,0.5568397223948394,0.5291616454735305,0.02767807692130886,0.10542905243997928,0.061130471350149505,0.04429858108982978
weight1,5,0.8,7.954365102613108,5.957810094184687,1.9965550084284214,4.2032274338026285,1.8310130851396962,2.3722143486629323,,,,,,,,,,5,5,0,0.33615999999999996,0.33615986453094565,1.3546905430761313e-07,9.614813431917819e-17,2.133264718484016e-08,2.1332647088692026e-08,0.3361599999999999,0.33616007287830596,7.287830605662293e-08,9.288792252416251e-17,1.1776023307298272e-08,1.177602321441035e-08,0.4840059106692099,0.45970259179205186,0.02430331887715803,0.06732893788788989,0.041376284861205016,0.025952653026684876
weight1,5,0.6,7.9543651026131075,5.957810043639248,1.9965550589738594,4.2032274338026285,1.831013032667398,2.3722144011352304,,,,,,,,,,5,5,0,0.46111999999999986,0.4611198062540082,1.9374599163901607e-07,1.3136335981433191e-16,3.062001165769057e-08,3.062001152632721e-08,0.46112000000000003,0.4611200146013686,1.4601368558686545e-08,8.233634315563857e-17,2.47301981703812e-09,2.473019734701777e-09,0.4656402310407561,0.4614904112750479,0.004149819765708163,0.005806307736491485,0.0007407939559813813,0.005065513780510103
weight1,5,0.35,7.954365102613108,5.957810024835399,1.9965550777777095,4.2032274338026285,1.8310129867394878,2.3722144470631408,,,,,,,,,,5,5,0,0.49737390625,0.4973736989511556,2.07298844423498e-07,1.0235750533041807e-16,3.2890892571954655e-08,3.289089246959715e-08,0.49737390625,0.49737390729851594,1.0485159407380706e-09,3.510833468576701e-17,1.8903949305712218e-10,1.890394579487875e-10,0.49737390625,0.49737390729851594,1.0485159407380706e-09,0.0,1.8903946876918962e-10,1.8903946876918962e-10
weight1,5,0.05,7.9543651026131075,5.957810094184687,1.9965550084284205,4.203227433802628,1.8310130851396962,2.3722143486629315,,,,,,,,,,5,5,0,0.49999984375000006,0.49999963540270914,2.0834729091978588e-07,1.137640067256873e-16,3.3077797624938955e-08,3.3077797511174945e-08,0.49999984374999995,0.4999998437500695,6.955547249276606e-14,5.551115123125783e-17,1.126920121776699e-14,1.1213690066535732e-14,0.49999984375000006,0.4999998437500695,6.944445019030354e-14,5.551115123125783e-17,1.1226463016386011e-14,1.1170951865154753e-14
weight1,6,0.99,18.28187306261524,11.763989600125738,6.517883462489502,5.612097175428732,5.272449899689035,0.3396472757396971,,,,,,,,,,5,5,0,0.029259925299500056,0.029259903201281766,2.2098218289967608e-08,5.150463821007161e-16,2.4234731576976914e-09,2.4234726426513094e-09,0.02925992529950004,0.029260165756270395,2.4045677035622326e-07,5.64584670594828e-16,5.307199295473679e-08,5.307199239015212e-08,0.7987530334843391,0.7729130340271444,0.02583999945719473,0.04695672103199917,0.050179488718694286,0.003222767686695119
weight1,6,0.95,18.281873062615233,11.763989497830384,6.517883564784849,5.612097175428727,5.272449787894899,0.3396473875338284,,,,,,,,,,5,5,0,0.13245405468750007,0.13245400313968655,5.1547813517682783e-08,2.351865387363856e-16,1.320364325558223e-08,1.320364302039569e-08,0.13245405468750007,0.1324542656946752,2.110071751215692e-07,1.7858723324765583e-16,4.0656479257363563e-08,4.065647907877633e-08,0.7082455211880426,0.6854799144375894,0.02276560675045325,0.04498512997341797,0.047470988483978356,0.002485858510560386
weight1,6,0.9,18.28187306261524,11.763989631585662,6.517883431029578,5.6120971754287305,5.27244996476094,0.33964721066779013,,,,,,,,,,5,5,0,0.23427949999999997,0.23427939227046174,1.0772953823456888e-07,1.0235750533041807e-16,2.3345393836812493e-08,2.3345393734454987e-08,0.23427949999999997,0.23427965482545035,1.5482545037692752e-07,1.2899625854847775e-16,3.046899423452869e-08,3.0468994105532435e-08,0.6228033785529797,0.6028896334565891,0.019913745096390656,0.038420152558599194,0.04282230194968766,0.004402149391088468
weight1,6,0.8,18.281873062615237,11.763989604116459,6.517883458498778,5.612097175428732,5.272449855738468,0.33964731969026474,,,,,,,,,,5,5,0,0.36892800000000003,0.3689278068234228,1.9317657723449955e-07,1.4261072965499198e-16,3.83828717004155e-08,3.838287155780477e-08,0.36892800000000003,0.36892806937841144,6.937841140475243e-08,6.568167990716596e-17,1.539444539300044e-08,1.5394445327318758e-08,0.5278511543093141,0.5012399931803103,0.026611161129003746,0.02839710802219236,0.033673640183461084,0.0052765321612687245
weight1,6,0.6,18.281873062615237,11.763989634032207,6.51788342858303,5.61209717542873,5.272449877839066,0.3396472975896634,,,,,,,,,,5,5,0,0.47667199999999993,0.4766717489547541,2.5104524581376353e-07,1.2899625854847775e-16,5.123750311149995e-08,5.1237502982503696e-08,0.47667200000000004,0.4766720115097427,1.1509742658954991e-08,7.850462293418876e-17,2.494803718229176e-09,2.494803639724553e-09,0.48244608459823224,0.4784678517731094,0.003978232825122829,0.003202216411712109,0.002279976583523452,0.000922239828188657
weight1,6,0.35,18.281873062615233,11.76398953424131,6.517883528373924,5.612097175428729,5.272449851900559,0.33964732352816984,,,,,,,,,,5,5,0,0.49908086718750005,0.4990806051416736,2.6204582648237107e-07,8.95090418262362e-17,5.3636243351386244e-08,5.36362432618772e-08,0.49908086718750005,0.49908086769666216,5.091621013697534e-10,5.551115123125783e-17,9.522230889583758e-11,9.522225338468635e-11,0.49908086718749994,0.49908086769666227,5.091623234143583e-10,5.551115123125783e-17,9.522223622230098e-11,9.522218071114975e-11
weight1,6,0.05,18.281873549799634,11.763989604116459,6.517883945683176,5.612097559271895,5.272449855738468,0.3396477035334273,,,,,,,,,,5,5,0,0.49999999218750013,0.4999997296325155,2.625549846424491e-07,1.0532500405730103e-16,5.373096282301112e-08,5.3730962717686114e-08,0.49999999218750013,0.4999999921875041,3.9968028886505635e-15,9.930136612989092e-17,9.895942896571411e-16,8.902929235272501e-16,0.49999999218750013,0.4999999921875041,3.9968028886505635e-15,8.95090418262362e-17,9.155133597044475e-16,8.260043178782113e-16
mixed,2,0.99,1.0850455668981525,1.2119218456857133,0.1268762787875608,0.12328913270542954,0.36361160907157447,0.24032247636614493,0.9259334800000009,0.9259331126003643,3.6739963660270547e-07,5.528866075183428e-16,8.931526037441954e-08,8.931525982153293e-08,0.07406651999999914,0.07406688739963574,3.6739963660270547e-07,5,5,0,0.01965300921387555,0.019652819912561296,1.8930131425246022e-07,3.024867523643233e-15,3.3449480218833475e-08,3.344947719396595e-08,0.1090988898660131,0.14812085859616855,0.039021968730155454,0.08816034331581254,0.16441627255378216,0.07625592923796962,0.1090988898660131,0.14812085859627297,0.03902196873025987,0.08816034331581254,0.1644162725609336,0.07625592924512106
mixed,2,0.95,1.0850455668981522,1.2119218420533557,0.1268762751552035,0.12328913270542953,0.36361160955037114,0.24032247684494162,0.9261287037037045,0.9261283020391602,4.0166454429169107e-07,7.021666937153402e-17,8.644221147583988e-08,8.64422114056232e-08,0.07387129629629552,0.07387169796083981,4.0166454429169107e-07,5,5,0,0.09162895927601553,0.0916285956666866,3.636093289238751e-07,1.6825236719451855e-15,1.2511291919202024e-07,1.2511291750949657e-07,0.12019133748601607,0.1570932146411625,0.03690187715514642,0.057124756420005085,0.11943367823045527,0.06230892181045018,0.12019133748601607,0.15709321463946835,0.03690187715345228,0.057124756420005085,0.11943367823933713,0.06230892181933205
mixed,2,0.9,1.0850455668981522,1.211921847285195,0.12687628038704268,0.12328913270542952,0.36361160821948657,0.24032247551405705,0.9268000000000007,0.9267995896649154,4.103350853545962e-07,6.221212756561689e-16,8.600118360445031e-08,8.600118298232903e-08,0.07319999999999927,0.07320041033508462,4.103350853545962e-07,5,5,0,0.1680327868852444,0.16803203665993682,7.502253075719612e-07,2.8918059915777422e-15,2.1591220893837494e-07,2.1591220604656893e-07,0.17254189784011592,0.19868879826152616,0.02614690042141024,0.00901822190974593,0.06130806364278772,0.05228984173304179,0.17254189784011592,0.19868879826506275,0.02614690042494683,0.00901822190974593,0.061308063649860904,0.05228984174011497
mixed,2,0.8,1.0850455668981525,1.211921843590964,0.12687627669281154,0.12328913270542959,0.3636116089266348,0.24032247622120523,0.9298370370370368,0.9298366398709732,3.971660635926355e-07,3.9720546451956367e-16,8.946175443314878e-08,8.946175403594332e-08,0.0701629629629632,0.0701633601290268,3.971660635926355e-07,5,5,0,0.2837837837837866,0.2837823394111117,1.4443726749080454e-06,1.2420116135754933e-15,3.435620360712355e-07,3.435620348292239e-07,0.2837837837837847,0.2837851076294232,1.3238456385011865e-06,1.2412670766236366e-15,2.9241772810004977e-07,2.924177268587827e-07,0.2837837837837847,0.2837851076294232,1.3238456385011865e-06,1.2412670766236366e-15,2.9241772810322106e-07,2.92417726861954e-07
mixed,2,0.6,1.085045566898152,1.2119218443674733,0.12687627746932129,0.12328913270542942,0.3636116077224163,0.2403224750169869,0.9434666666666672,0.9434662989232947,3.6774337253131506e-07,4.940180589338315e-16,8.510927996308007e-08,8.510927946906201e-08,0.05653333333333277,0.0565337010767053,3.6774337253131506e-07,5,5,0,0.41509433962264275,0.41509215837058894,2.181252053812255e-06,2.0468490329827007e-15,5.001372281789567e-07,5.001372261321076e-07,0.4150943396226408,0.41509492658890057,5.869662597635106e-07,7.426885862005046e-16,1.3515104490909433e-07,1.3515104416640575e-07,0.4150943396226408,0.41509492658890057,5.869662597635106e-07,7.426885862005046e-16,1.3515104491329701e-07,1.3515104417060844e-07
mixed,2,0.35,1.0850455668981522,1.211921843863503,0.12687627696535086,0.12328913270542961,0.3636116082482108,0.2403224755427812,0.9714620370370366,0.9714616498191078,3.872179288322286e-07,5.087681048627601e-16,9.913046002741418e-08,9.913045951864608e-08,0.028537962962963404,0.028538350180892236,3.872179288322286e-07,5,5,0,0.48052464228935043,0.4805221470731308,2.495216219644547e-06,1.5592607100143473e-15,5.667197151920288e-07,5.667197136327681e-07,0.4805246422893486,0.4805249152914423,2.730020937091737e-07,3.805652793121308e-16,6.929189939360397e-08,6.929189901303868e-08,0.4805246422893486,0.4805249152914423,2.730020937091737e-07,3.805652793121308e-16,6.929189939749124e-08,6.929189901692596e-08
mixed,2,0.05,1.0850455668981522,1.211921843590964,0.12687627669281176,0.12328913270542949,0.3636116089266348,0.2403224762212053,0.9991287037037037,0.9991282704637852,4.3323991849586463e-07,1.1102230246251565e-16,1.057671504487183e-07,1.05767150337696e-07,0.0008712962962963422,0.0008717295362148381,4.3323991849586463e-07,5,5,0,0.4997343251859744,0.49973168912392085,2.6360620535292867e-06,1.5792898135488767e-15,6.077011560508983e-07,6.077011544716084e-07,0.49973432518597233,0.4997344573422325,1.3215626015750104e-07,4.965068306494546e-17,3.224237620211351e-08,3.2242376152462826e-08,0.49973432518597233,0.4997344573422325,1.3215626015750104e-07,4.965068306494546e-17,3.224237621115361e-08,3.2242376161502924e-08
mixed,3,0.99,2.2633985343255887,2.4759488293208305,0.2125502949952418,0.4119551226977799,0.8057518277346015,0.3937967050368216,0.92593348,0.9259330439020939,4.3609790612020305e-07,7.074133422190872e-16,7.693816811740892e-08,7.693816740999557e-08,0.07406652000000002,0.07406695609790614,4.3609790612020305e-07,5,5,0,0.02445647912174077,0.02445651243746818,3.3315727409471974e-08,6.371742616385919e-15,2.0830709650793373e-08,2.0830703279050757e-08,0.21255531753525642,0.2663708643859449,0.05381554685068851,0.10935958395070156,0.1528212167071558,0.04346163275645423,0.47496810591637245,0.5074693979749665,0.032501292058594033,0.06155432528045367,0.12828857233715069,0.06673424705669702
mixed,3,0.95,2.2633985343255887,2.4759488280925863,0.21255029376699763,0.4119551226977797,0.8057518195225237,0.39379669682474405,0.926128703703705,0.9261283004394911,4.0326421391068124e-07,3.6821932062951477e-16,7.576507888103854e-08,7.576507851281922e-08,0.07387129629629496,0.07387169956050887,4.0326421391068124e-07,5,5,0,0.11204751131221014,0.11204680290640164,7.084058084999567e-07,1.3603063958414869e-15,1.2302265383375524e-07,1.2302265247344884e-07,0.19002495142972542,0.2357268375526261,0.04570188612290069,0.06722076577559642,0.09813375782562972,0.030912992050033297,0.4151117718975067,0.4324171886450707,0.01730541674756403,0.063065519314962,0.1250334233828951,0.06196790406793311
mixed,3,0.9,2.2633985343255882,2.4759488293984466,0.2125502950728584,0.41195512269777995,0.8057518170763265,0.39379669437854653,0.9267999999999995,0.9267995723272022,4.276727972873928e-07,8.308148362110449e-16,7.542358826786132e-08,7.542358743704649e-08,0.07320000000000049,0.07320042767279777,4.276727972873928e-07,5,5,0,0.2012295081967231,0.20122839456617053,1.1136305525794032e-06,4.060575259724662e-15,2.2065984069433998e-07,2.2065983663376472e-07,0.2042190657493242,0.22484502235496978,0.02062595660564559,0.005979115105204849,0.03056185575905024,0.024582740653845393,0.36058297321309907,0.37323570790343336,0.012652734690334289,0.06672755678595338,0.11057083017095179,0.04384327338499841
mixed,3,0.8,2.2633985343255887,2.475948835339093,0.21255030101350414,0.41195512269777973,0.8057518208014524,0.3937966981036726,0.9298370370370378,0.9298366007131065,4.3632393131876057e-07,1.2629244406312412e-15,7.243496362198929e-08,7.243496235906484e-08,0.0701629629629622,0.07016339928689352,4.3632393131876057e-07,5,5,0,0.32702702702702496,0.3270251747201101,1.852306914851276e-06,3.5594726709090065e-15,3.567867267537602e-07,3.567867231942875e-07,0.32702702702702535,0.327028190948505,1.1639214796410613e-06,3.3018637508515194e-15,1.92805575429034e-07,1.9280557212717024e-07,0.3379727903958574,0.3538702983521318,0.01589750795627437,0.01696074142273132,0.03424200930206526,0.01728126787933394
mixed,3,0.6,2.2633985343255882,2.4759488352259966,0.21255030090040838,0.41195512269777995,0.8057518178353771,0.39379669513759713,0.9434666666666678,0.9434662413203551,4.2534631272683754e-07,1.3669726658723911e-15,7.021079248949169e-08,7.021079112251903e-08,0.056533333333332214,0.05653375867964494,4.2534631272683754e-07,5,5,0,0.4490566037735836,0.4490539935515006,2.6102220829771206e-06,2.7774442994318376e-15,4.822882917010756e-07,4.822882889236313e-07,0.449056603773584,0.44905700977989554,4.0600631157072797e-07,1.2777215249255888e-15,6.716395534501676e-08,6.716395406729523e-08,0.449056603773584,0.4490570097798955,4.060063115152168e-07,1.290679032407819e-15,6.716395537420252e-08,6.71639540835235e-08
mixed,3,0.35,2.263398534325588,2.4759488284288533,0.21255029410326554,0.4119551226977798,0.8057518125996773,0.39379668990189753,0.9714620370370369,0.971461599372792,4.376642449566148e-07,1.0532500405730103e-15,9.16550645185247e-08,9.165506346527465e-08,0.02853796296296307,0.028538400627208027,4.376642449566148e-07,5,5,0,0.4931836248012715,0.49318071636341615,2.9084378553312362e-06,1.5919220012370269e-15,5.270683034843041e-07,5.270683018923821e-07,0.49318362480127187,0.49318373259181103,1.0779053916110115e-07,2.6272671962866383e-16,2.238514704730256e-08,2.238514678457584e-08,0.49318362480127187,0.49318373259181103,1.0779053916110115e-07,2.507236594037335e-16,2.238514706537758e-08,2.238514681465392e-08
mixed,3,0.05,2.2633985343255887,2.4759488353390933,0.21255030101350458,0.41195512269777995,0.8057518208014524,0.3937966981036724,0.9991287037037029,0.9991283015637054,4.021399975240314e-07,5.183683495748049e-16,1.250025037103662e-07,1.2500250319199783e-07,0.0008712962962971194,0.0008716984362946434,4.021399975240314e-07,5,5,0,0.49998671625929825,0.49998370616558363,3.0100937146171347e-06,1.8050942682065393e-15,5.477245721174819e-07,5.477245703123877e-07,0.49998671625929864,0.49998672239397857,6.1346799307138156e-09,2.482534153247273e-17,1.9047822788044497e-09,1.904782253979108e-09,0.49998671625929864,0.49998672239397857,6.1346799307138156e-09,2.482534153247273e-17,1.9047822890707203e-09,1.9047822642453786e-09
mixed,4,0.99,3.6085294551542453,2.3204993095798683,1.288030145574377,1.9870565073704733,0.9236454829161305,1.0634110244543429,0.9259334799999992,0.9259329653118424,5.146881567608119e-07,1.0672009800936448e-15,7.130470884428764e-08,7.130470777708666e-08,0.0740665200000008,0.07406703468815756,5.146881567608119e-07,5,5,0,0.029211914330530137,0.029211610995360966,3.0333516917030456e-07,8.362171710479633e-15,3.284959118868708e-08,3.284958282651537e-08,0.17696786056230115,0.17181979599835856,0.005148064563942595,0.151418742742521,0.16141587190021264,0.009997129157691631,0.5599910454140102,0.41656932205727515,0.1434217233567351,0.1617563564910322,0.18680470597278528,0.02504834948175308
mixed,4,0.95,3.608529455154246,2.320499306921358,1.2880301482328882,1.9870565073704736,0.9236454677937181,1.0634110395767555,0.9261287037037033,0.9261281545196361,5.491840671112413e-07,1.7589240639276204e-15,7.174371298316443e-08,7.174371122424036e-08,0.07387129629629674,0.07387184548036385,5.491840671112413e-07,5,5,0,0.13144513574661004,0.1314442619228367,8.738237733396659e-07,1.113085098698247e-14,1.354248167140414e-07,1.354248055831904e-07,0.1865090759939897,0.18687518220278782,0.0003661062087981226,0.07906233209709194,0.09013762348866591,0.011075291391573969,0.4837270107291937,0.3791301355538599,0.10459687517533384,0.15184007480094974,0.1452252530095797,0.006614821791370046
mixed,4,0.9,3.6085294551542453,2.3204993064796624,1.2880301486745829,1.9870565073704731,0.9236454787546927,1.0634110286157803,0.9268000000000012,0.9267994430549086,5.569450926001807e-07,1.8188692699780867e-15,7.279054385503904e-08,7.279054203616978e-08,0.07319999999999882,0.07320055694509142,5.569450926001807e-07,5,5,0,0.23110655737704627,0.23110493019398487,1.6271830614034144e-06,5.487130587200389e-15,2.3221652028355196e-07,2.3221651479642136e-07,0.23367292601272638,0.23796865567725192,0.004295729664525544,0.005132737271356708,0.013719844687950634,0.008587107416593926,0.42574359318917265,0.356068943950853,0.06967464923831967,0.1271561805082531,0.08775364053785716,0.03940253997039596
mixed,4,0.8,3.6085294551542453,2.3204993098442754,1.2880301453099698,1.9870565073704731,0.9236454985795237,1.0634110087909494,0.9298370370370354,0.9298365116239428,5.254130925891332e-07,8.556643779299519e-16,7.248873484302125e-08,7.248873398735688e-08,0.07016296296296465,0.07016348837605724,5.254130925891332e-07,5,5,0,0.3616216216216262,0.36161889562446303,2.7259971631665714e-06,2.547955794541194e-15,3.646015372249446e-07,3.6460153467698883e-07,0.36162162162162514,0.36162273861950633,1.1169978811897963e-06,1.784318724237749e-15,1.5183558526331638e-07,1.5183558347899764e-07,0.4033225440438672,0.36932873303820857,0.033993811005658625,0.0512113631652762,0.015412031514920174,0.03579933165035602
mixed,4,0.6,3.608529455154246,2.320499313302514,1.2880301418517321,1.9870565073704738,0.9236454765919997,1.063411030778474,0.9434666666666681,0.9434661307678447,5.358988234283046e-07,1.797052957135242e-15,7.342194394815783e-08,7.342194215110488e-08,0.05653333333333188,0.05653386923215531,5.358988234283046e-07,5,5,0,0.46943396226415113,0.4694304260918759,3.536172275220295e-06,3.039457312948595e-15,4.745902879803069e-07,4.745902849408496e-07,0.46943396226415013,0.46943426908691926,3.0682276913607254e-07,1.0397047461590564e-15,4.184095239478876e-08,4.184095135508401e-08,0.46943396226415013,0.4694342690869192,3.068227690805614e-07,1.032865487270718e-15,4.184095239215672e-08,4.184095135929124e-08
mixed,4,0.35,3.6085294551542453,2.3204993123337405,1.2880301428205048,1.987056507370473,0.9236454781245482,1.0634110292459247,0.9714620370370388,0.9714614717670578,5.652699810454465e-07,1.4977727461875691e-15,7.144920518475713e-08,7.144920368698438e-08,0.028537962962961183,0.02853852823294223,5.652699810454465e-07,5,5,0,0.497614268680446,0.49761047440768325,3.794272762758233e-06,3.215336987233326e-15,5.103030447195034e-07,5.103030415041664e-07,0.497614268680445,0.4976143174027266,4.872228159813474e-08,1.4261072965499198e-16,6.134935354207825e-09,6.134935211597095e-09,0.497614268680445,0.4976143174027266,4.872228159813474e-08,1.4261072965499198e-16,6.134935363343209e-09,6.13493522073248e-09
mixed,4,0.05,3.6085294839667896,2.320499309844275,1.2880301741225146,1.9870565604530352,0.9236454985795233,1.063411061873512,0.9991287037037042,0.9991280867165078,6.169871964445406e-07,6.511626037759646e-16,1.6859141501015714e-07,1.6859141435899453e-07,0.0008712962962957871,0.0008719132834922316,6.169871964445406e-07,5,5,0,0.49999933581296724,0.4999954932882792,3.842524688046911e-06,5.0298126952671634e-15,5.163010453925426e-07,5.163010403627299e-07,0.4999993358129662,0.4999993362833225,4.703563094565766e-10,2.6374515749745233e-15,1.2831508195564603e-10,1.2831244450407105e-10,0.4999993358129662,0.4999993362833225,4.703563094565766e-10,2.6321887126755213e-15,1.2831509430804894e-10,1.2831246211933627e-10
