profile,V,g2,eta,detector,circuit,n,status
Ideal,1.0,0.0,1.0,PNR,no_gate,3,NOT_DEFINED_IN_FIXTURE_REGISTRY
Ideal,1.0,0.0,1.0,PNR,bystander,2,NOT_DEFINED_IN_FIXTURE_REGISTRY
Ideal,1.0,0.0,1.0,PNR,shared_gate,2,NOT_DEFINED_IN_FIXTURE_REGISTRY
Ideal,1.0,0.0,1.0,PNR,asymmetric_wrap,2,NOT_DEFINED_IN_FIXTURE_REGISTRY
Ideal,1.0,0.0,1.0,threshold,no_gate,3,NOT_DEFINED_IN_FIXTURE_REGISTRY
Ideal,1.0,0.0,1.0,threshold,bystander,2,NOT_DEFINED_IN_FIXTURE_REGISTRY
Ideal,1.0,0.0,1.0,threshold,shared_gate,2,NOT_DEFINED_IN_FIXTURE_REGISTRY
Ideal,1.0,0.0,1.0,threshold,asymmetric_wrap,2,NOT_DEFINED_IN_FIXTURE_REGISTRY
Ascella_eta_0.152,0.9438,0.00732,0.152,PNR,no_gate,3,NOT_DEFINED_IN_FIXTURE_REGISTRY
Ascella_eta_0.152,0.9438,0.00732,0.152,PNR,bystander,2,NOT_DEFINED_IN_FIXTURE_REGISTRY
Ascella_eta_0.152,0.9438,0.00732,0.152,PNR,shared_gate,2,NOT_DEFINED_IN_FIXTURE_REGISTRY
Ascella_eta_0.152,0.9438,0.00732,0.152,PNR,asymmetric_wrap,2,NOT_DEFINED_IN_FIXTURE_REGISTRY
Ascella_eta_0.152,0.9438,0.00732,0.152,threshold,no_gate,3,NOT_DEFINED_IN_FIXTURE_REGISTRY
Ascella_eta_0.152,0.9438,0.00732,0.152,threshold,bystander,2,NOT_DEFINED_IN_FIXTURE_REGISTRY
Ascella_eta_0.152,0.9438,0.00732,0.152,threshold,shared_gate,2,NOT_DEFINED_IN_FIXTURE_REGISTRY
Ascella_eta_0.152,0.9438,0.00732,0.152,threshold,asymmetric_wrap,2,NOT_DEFINED_IN_FIXTURE_REGISTRY
Belenos_eta_1,0.923,0.019,1.0,PNR,no_gate,3,NOT_DEFINED_IN_FIXTURE_REGISTRY
Belenos_eta_1,0.923,0.019,1.0,PNR,bystander,2,NOT_DEFINED_IN_FIXTURE_REGISTRY
Belenos_eta_1,0.923,0.019,1.0,PNR,shared_gate,2,NOT_DEFINED_IN_FIXTURE_REGISTRY
Belenos_eta_1,0.923,0.019,1.0,PNR,asymmetric_wrap,2,NOT_DEFINED_IN_FIXTURE_REGISTRY
Belenos_eta_1,0.923,0.019,1.0,threshold,no_gate,3,NOT_DEFINED_IN_FIXTURE_REGISTRY
Belenos_eta_1,0.923,0.019,1.0,threshold,bystander,2,NOT_DEFINED_IN_FIXTURE_REGISTRY
Belenos_eta_1,0.923,0.019,1.0,threshold,shared_gate,2,NOT_DEFINED_IN_FIXTURE_REGISTRY
Belenos_eta_1,0.923,0.019,1.0,threshold,asymmetric_wrap,2,NOT_DEFINED_IN_FIXTURE_REGISTRY
Belenos_eta_0.152,0.923,0.019,0.152,PNR,no_gate,3,NOT_DEFINED_IN_FIXTURE_REGISTRY
Belenos_eta_0.152,0.923,0.019,0.152,PNR,bystander,2,NOT_DEFINED_IN_FIXTURE_REGISTRY
Belenos_eta_0.152,0.923,0.019,0.152,PNR,shared_gate,2,NOT_DEFINED_IN_FIXTURE_REGISTRY
Belenos_eta_0.152,0.923,0.019,0.152,PNR,asymmetric_wrap,2,NOT_DEFINED_IN_FIXTURE_REGISTRY
Belenos_eta_0.152,0.923,0.019,0.152,threshold,no_gate,3,NOT_DEFINED_IN_FIXTURE_REGISTRY
Belenos_eta_0.152,0.923,0.019,0.152,threshold,bystander,2,NOT_DEFINED_IN_FIXTURE_REGISTRY
Belenos_eta_0.152,0.923,0.019,0.152,threshold,shared_gate,2,NOT_DEFINED_IN_FIXTURE_REGISTRY
Belenos_eta_0.152,0.923,0.019,0.152,threshold,asymmetric_wrap,2,NOT_DEFINED_IN_FIXTURE_REGISTRY
